,store,address,phone
0,가경동점,충청북도 청주시흥덕구 풍산로 103(복대동),043-233-4091
1,가남점,경기도 여주시 가남면 태평중앙1길 8-6,031-883-5746
2,가래비점,경기도 양주시 광적면 가래비길 24,031-855-6126
3,가수원점,대전광역시 서구 벌곡로 1353번길 63,None
4,가양동점,"서울특별시 강서구 양천로57길 10-11, 101-1호 (가양동, 이스타빌2차)",02-3663-3700
5,가오점,대전광역시 동구 은어송로 77번길 17,None
6,가운점,경기도 남양주시 가운로2길 63 가운동삼원프라자 105호,031-557-9222
7,가정지구1점,인천광역시 서구 봉오재2로 37 104호,032-567-5885
8,가평역전점,경기도 가평군 가평읍 가화로 54,031-582-5242
9,가평점,경기도 가평군 가평읍 가화로 125-1,031-582-4419
10,가흥점,경상북도 영주시 창진로 59,054-634-2500
11,간성점,강원도 고성군 간성읍 간성로 45,033-681-3330
12,간현점,강원도 원주시 지정면 간현로 188,033-731-0887
13,갈곶원동점,경기도 오산시 오산로 68(갈곶동),None
14,갈마점,대전광역시 서구 갈마로 60(갈마동),042-531-9962
15,갈산점,인천광역시 부평구 굴포로 42,032-522-9292
16,갈산점(이천),"경기도 이천시 갈산로 81(갈산동, 102호)",031-638-8320
17,갈산점(홍성),충청남도 홍성군 갈산면 갈산로 109-1,041-634-1881
18,감곡점,충청북도 음성군 감곡면 장감로 142,043-881-3903
19,강경점,충청남도 논산시 강경읍 계백로 126-1,041-745-1206
20,강구점,경상북도 영덕군 강구면 강구리 453,054-733-5544
21,강남대점,경기도 용인시기흥구 강남동로114번 22(상하동),031-284-9292
22,강릉교동점,강원도 강릉시  강릉대로 269 (교동),033-642-9800
23,강릉서부점,강원도 강릉시  임영로 170-3(임당동),033-641-1930
24,강릉옥계점,강원도 강릉시  옥계면 현내시장길 59,033-534-2587
25,강릉옥천동점,강원도 강릉시  경강로 2166 1층(옥천동),033-642-1532
26,강릉유천점,강원도 강릉시  선수촌로63번길 5 우미린상가106,033-641-8494
27,강릉택지점,강원도 강릉시  율곡초교길39번 23(교동),033-645-6288
28,강북점,대구광역시 북구 읍내동 대천로9길 11-5,053-322-5090
29,강상점,"경기도 양평군 강상면 강남로 922, 107호",031-775-8259
30,강서점,충청북도 청주시흥덕구 가로수로1154 21-5(강서동),043-232-5254
31,강선점,경기도 고양시일산서구 강선로 67번지 유원상가 103호,031-912-5558
32,강진점,전라남도 강진군 강진읍 탐진로 76-1,061-433-8292
33,강화1점,인천광역시 강화군 강화읍 강화대로403번길 5,032-933-3153
34,강화2점,인천광역시 강화군 강화읍 중앙로 27,032-934-9200
35,개군점,경기도 양평군 개군면 하자포길 35,031-772-4612
36,개금점,부산광역시 부산진구 개금본동로32 ,051-897-6061
37,개봉1점,"서울특별시 구로구 개봉로11길 13, 1층 3호(개봉동)",02-2688-9292
38,개신점,충청북도 청주시서원구 장구봉로 130 1층,043-218-9292
39,개운점,강원도 원주시 송림길 48-10(개운동),033-761-2592
40,개포3점,서울특별시 강남구 개포로22길 23. 지상1층(개포동),None
41,거모점,"경기도 시흥시 도일로 100-3, 103호",031-492-8222
42,거제상동점,경상남도 거제시 상동1길 15-11,055-636-0588
43,거진점,강원도 고성군 거진읍 거탄진로 117,033-682-3327
44,거창점,경상남도 거창군 거창읍 거열로1길 43,055-945-2765
45,건등점,"강원도 원주시 문막읍 왕건로 96, 지하1층",033-734-7282
46,건영점,경기도 고양시일산서구  성저로110,None
47,건천점,"경상북도 경주시 건천읍 내서로 1126, 101",054-751-3510
48,검암경서점,"인천광역시 서구 승학로 426, 우주프라자 104",032-565-7768
49,경기송산점,경기도 화성시 수노을1로 191,None
50,경남고성점,경상남도 고성군 고성읍 중앙로43번길71,055-673-6633
51,경남금산점,경상남도 진주시 금산면 금산로 101,055-763-9299
52,경남사천점,경상남도 사천시 사천읍 정의1길 16,055-852-3197
53,경남양산점,경상남도 양산시 중앙로 111,055-385-5329
54,경복점,"서울특별시 강남구 봉은사로43길 8, 1층 (논현동)",None
55,경안점,경기도 광주시 중앙로 179 (송정동),031-762-0415
56,경포대점,강원도 강릉시  해안로 501 ,033-644-1600
57,계양1동점,인천광역시 계양구 황어로115번길 10,032-512-9876
58,고강2점,경기도 부천시오정구 고리울로52번길 35,032-671-1980
59,고담리점,경기도 이천시 대월면 대산로288번길 72,031-637-6683
60,고대점,충청남도 당진시 고대면 고대로 47,041-352-8295
61,고덕역점,"서울특별시 강동구 아리수로64길 11, 1층 (고덕동)",02-428-0777
62,고덕점,충청남도 예산군 고덕면 용고길 353,041-337-8319
63,고매리점,경기도 용인시기흥구 동탄기흥로 700 1층 (고매동),031-286-4296
64,고북점,충청남도 서산시 고북면 고북1로 305-3,041-663-1956
65,고양동점,경기도 고양시덕양구 혜음로8 ,None
66,고잔2점,"경기도 안산시단원구 민속공원로 95, 104호",031-414-9070
67,고잔점,"경기도 안산시단원구 적금로 244, 문화연립상가동 110",031-401-1452
68,고척점,서울특별시 구로구 고척로 183-1,None
69,고천점,"경기도 의왕시 효행로 44(오전동, 의왕빌딩3호)",031-454-0055
70,고한점,강원도 정선군  고한읍 고한로 151-1,033-591-8212
71,곡반정점,경기도 수원시권선구 곡선로50번길 48,None
72,곤명점,경상남도 사천시 곤명면 완사2길23,055-853-8382
73,곤지암점,경기도 광주시 곤지암읍 곤지암로 158,031-762-3660
74,공덕동점,서울특별시 마포구 효창목4길 25,02-707-1371
75,공덕역점,"서울특별시 마포구 마포대로11길 75 102 (공덕동, 공덕현대아파트상가)",02-704-0401
76,공도점,경기도 안성시 공도읍 고무다리길 10-1,031-653-9441
77,공릉철길공원점,서울특별시 노원구 동일로184길 69. 1층(공릉동),02-978-9222
78,공성점,경상북도 상주시 공성면 옥산리 290-8,054-535-5000
79,공주산성동점,충청남도 공주시 산성찬호길 1(산성동),041-854-1215
80,공주중동점,충청남도 공주시 웅진로 140(중동),041-852-8850
81,과학단지점,충청북도 청주시청원구 오창읍 오창중앙로 94,043-900-8292
82,관산점,경기도 고양시덕양구 통일로802번길 71,031-963-2740
83,관양1점,경기도 안양시동안구 관평로327번길 25 101호,031-388-5259
84,관음점,대구광역시 북구 칠곡중앙대로95 48-1,None
85,관저1점,대전광역시 서구 관저동 981 원앙쇼핑109호,042-544-9292
86,광교점,"경기도 수원시영통구 대학1로8번길 59, 1층103호(이의동)",None
87,광나루점,"서울특별시 광진구 아차산로78길 165, 1층 102호(광장동)",02-455-5111
88,광릉내점,경기도 남양주시 진접읍 진벌로 85-4,031-529-9972
89,광명1점,경기도 광명시 오리로 937,02-2688-7025
90,광명2점,경기도 광명시 광화로 16,02-2681-4280
91,광명역점,"경기도 광명시 신기로17번길 6, 1층102호(일직동,케이스퀘어)",02-898-1618
92,광산점,광주광역시 광산구 송정로1번길 86,062-941-0550
93,광안점,부산광역시 수영구 무학로33번길 55,051-753-8989
94,광양점,전라남도 광양시 광양읍 인서중앙길 43,061-762-2828
95,광장동점,서울특별시 광진구 구의로16길 23,02-455-4566
96,광주점,경기도 광주시 문화로 6(역동),None
97,광주지사, ,"
"
98,광천점,충청남도 홍성군 광천읍 광천로 312,041-642-0008
99,광탄점,경기도 파주시 광탄면 혜음로 1127-1,031-947-3171
100,광혜원점,충청북도 진천군 광혜원면 화랑5길 8,043-535-2170
101,괴산점,"충청북도 괴산군 괴산읍 읍내로11번길, 8-5",043-833-0444
102,괴안1점,"경기도 부천시소사구 부광로8번길 39,104(괴안동)",032-343-4885
103,괴정1점,대전광역시 서구 갈마로 170,042-526-3222
104,교대역점,서울특별시 서초구 서초대로60길 25 1층,02-585-4066
105,교하신도시점,경기도 파주시 숲속노을로 300 상가동 1층 104호,None
106,구곡현대점,강원도 원주시 남원로 492-14(단구동1576-3),033-764-9291
107,구래점,경기도 김포시  김포한강4로420번길 88,031-982-9936
108,구례점,전라남도 구례군 구례읍 중앙로 35,061-782-8838
109,구로2동점,서울특별시 구로구 구로동로23길 7,02-854-1929
110,구리남점,"경기도 구리시 안골로20번길 28(교문동, 1층)",031-569-9292
111,구미송정점,경상북도 구미시 신시로14길 14,054-443-8592
112,구반월점,경기도 안산시상록구 남산평1길 3,031-502-1140
113,구성마북점,경기도 용인시기흥구 연원로 5(마북동),031-286-3854
114,구암조촌점,전라북도 군산시 서당길 9 102호,063-443-3396
115,구운점,"경기도 수원시권선구 구운로32, 1층(구운동)",031-292-6310
116,구월1동점,인천광역시 남동구 용천로17번길 15,032-471-2484
117,구의동점,서울특별시 광진구 자양로 322 (구의동),02-455-6200
118,군남점,경기도 연천군 군남면 군남로 115,031-833-3355
119,군위점,경상북도 군위군 군위읍 서부리 57-1,054-382-3392
120,군자11점,경기도 안산시단원구 선부광장남로 109 가동상가 110호,031-402-3842
121,군포당동점,"경기도 군포시 군포로510번길 25(당동, 당동누리에뜰해밀제1층118호)",031-454-8174
122,궁동점(대전),대전광역시 유성구 궁동로 18번길 94,042-823-2223
123,권선점,경기도 수원시권선구 세권로181번길 13(권선동),None
124,궐동대우점,경기도 오산시 청학로 173번길 18(수청동),031-375-1486
125,근화점,전라남도 목포시 산정로 268-3,061-272-3294
126,금곡점,경기도 남양주시 사릉로 14,031-592-7921
127,금곡점(수원),경기도 수원시권선구 금곡로140번길 95-27 1층 101호,031-292-9282
128,금산2점,충청남도 금산군 금산읍 건삼전길 38,041-751-0152
129,금암점,전라북도 전주시덕진구 조경단로 44,063-254-6525
130,금오점,경기도 의정부시 금신로 398,None
131,금왕점,충청북도 음성군 금왕읍 탑골길 18,043-878-1330
132,금장점,경상북도 경주시 현곡면 금장5길 20-20,054-775-8969
133,금촌주공점,경기도 파주시 한마음2길 25   105호,031-943-9955
134,금호로타리점,서울특별시 성동구 무수막길 89-2,02-2234-4870
135,금호역점,서울특별시 성동구 독서당로 287,02-2238-6777
136,기계점,경상북도 포항시북구 기계면 기계로 63-1,054-243-1820
137,기아점,경기도 광명시 기아로 25-1,None
138,기업도시점(원주),강원도 원주시 지정면 신지정로295,033-744-7310
139,기업도시점(충주),"충청북도 충주시 중앙탑면 원앙9길 15 , 1층 112호",043-842-7755
140,기장점,부산광역시 기장군 기장읍 대라리 129-1,051-722-9292
141,기지시점,충청남도 당진시 송악읍 틀모시로 783-1,None
142,길동3점,"서울특별시 강동구 천호대로185길 89(길동, 1층)",02-470-3580
143,길음점,서울특별시 성북구 길음로 74 길음뉴타운5단지 2-105,02-914-7777
144,김해내동점,경상남도 김해시 평전로 154(내동),055-337-5686
145,김해중앙점,경상남도 김해시 가락로15번길 12,055-328-9282
146,까치산점,"서울특별시 강서구 강서로12길 3  (화곡동, 인터시티빌라 1층 102호)",02-2696-2705
147,꼬꼬점,경상북도 포항시북구 칠성천길 98,054-242-9291
148,꿈.연화점,경기도 부천시원미구 옥산로 86,032-657-1008
149,낙성대1점,서울특별시 관악구 인헌3가길 2 (봉천동),02-877-6451
150,남목점,울산광역시 동구 동해안로 40-2(동부동),052-234-3310
151,남부점,강원도 원주시 남원로 617-2(명륜동),033-762-3727
152,남원노암점,전라북도 남원시 노송로 1231 한신아파트상가 102호,063-632-3181
153,남원점,제주특별자치도 서귀포시 태위로 689(남원항공),064-764-8292
154,남중모현점,"전라북도 익산시  고현로14길 53, 1층",None
155,남창덕신점,울산광역시 울주군 온양읍 연안8길30,052-238-1030
156,남촌점,경기도 오산시 성호대로 24-1(오산동),None
157,남해점,경상남도 남해군 남해읍 화전로48,055-862-1400
158,내곡동점,강원도 강릉시  관대길 70(내곡동),033-643-2808
159,내동2점,대전광역시 서구 동서대로 977,042-527-3111
160,내동점,경기도 부천시오정구 삼작로96번길 21(내동 19-12),032-675-9601
161,내면점,강원도 홍천군  내면읍 창촌로 48,033-432-0418
162,내포1점,충청남도 홍성군 홍북읍  애향2길 2,041-634-8685
163,노량점,경상남도 남해군  설천면 노량로201,055-864-0388
164,노암점,강원도 강릉시  노가니길 32,033-647-8592
165,노은반석점,"대전광역시 유성구 노은서로266번 77, 104호(지상1층)",042-826-9282
166,노학점,강원도 속초시 교동로 55(교동),033-636-5592
167,녹양점,"경기도 의정부시 비우로20번길 29(가능동,지상1층)",031-879-9982
168,논산2점,충청남도 논산시 계백로 1008,041-733-2396
169,논산대교점,충청남도 논산시 대화로133번길 9-5,041-733-9955
170,논산주공점,"충청남도 논산시 논산대로 348번길 7, 상가-101(취암동,주공아파트)",None
171,논현동점,"서울특별시 강남구 강남대로128길 27(논현동, 지상1층 102호)",02-515-5770
172,농암점,경상북도 문경시 농암면 청암2길 10,054-571-3020
173,능곡점,"경기도 고양시덕양구 토당로78번길 7-10, 1층(토당동)",031-974-7747
174,다인점,경상북도 의성군 다인면 서릉길 59,054-861-9988
175,단계점,강원도 원주시 원문로 85 1층(학성동),033-731-9292
176,단계택지점,강원도 원주시 금불3길 32(단계동),033-743-6586
177,단관점,강원도 원주시 단관길 163(관설동),033-763-9289
178,단구점,강원도 원주시 치악로 1629 (단구동),033-763-8929
179,단월동점,경기도 이천시 단월로 29(단월동),031-634-4547
180,달동1점,울산광역시 남구 왕생로100번길 25-1,052-273-9292
181,달동2점,"울산광역시 남구 번영로107번길 3, 203(달동, 주공아파트)",052-269-9959
182,달전점,경상북도 포항시북구 흥해읍 도음로877번길 9 삼도미래타운106-106,010-5153-8732
183,답십리점,"서울특별시 동대문구 전농로3길 52-2, 1층(답십리동)",02-2247-4880
184,당감점,부산광역시 부산진구 당감서로 78,051-898-3392
185,당북점,경상북도 안동시 대안로 65-2,054-842-7474
186,당산동점,서울특별시 영등포구 영중로 114 (영등포동8가),02-2671-5559
187,당수동점,경기도 수원시권선구 당진로 14번길 57 상가 105(당수동),031-419-8450
188,당진1점,충청남도 당진시 당진중앙2로 54-5,041-352-9999
189,당진2점,충청남도 당진시 무수동로 195,041-357-8966
190,당진3점,충청남도 당진시 원당로 55,041-355-4343
191,당진신평점,충청남도 당진시 신평로 827,041-362-9288
192,대강점,충청북도 단양군 대강면 대강로 59-1,043-421-3392
193,대고점,"대전광역시 중구 테미로 31-1(대흥동, 1층)",042-256-6213
194,대광리점,경기도 연천군 신서면 도대로3번길 33,031-834-8009
195,대구고성점,대구광역시 서구 원대로13길 16,053-354-9901
196,대구남산점,대구광역시 중구 남산로2길 13(남산동),053-255-5417
197,대구대명점,대구광역시 남구 두류공원로17길 48,053-656-9515
198,대구상동점,대구광역시 수성구 청수로3길 87,None
199,대구서문점,대구광역시 서구 국채보상로76길 45-6,None
200,대구송정점,대구광역시 동구 반야월로 396,053-964-5592
201,대구신당점,대구광역시 달서구 서당로7길 109,None
202,대구지사, ,"
"
203,대구지산점,대구광역시 수성구 용학로35길 17,053-783-7890
204,대림동산점,경기도 안성시 공도읍 양기길 48 ,031-658-9192
205,대림역점,서울특별시 구로구 구로중앙로8길 17,02-867-8292
206,대림점,서울특별시 영등포구 대림로34길 14-1,02-842-4747
207,대명계대점,대구광역시 남구 중앙대로31길 176,053-219-9992
208,대방동점,서울특별시 동작구 등용로 112-1,02-826-2282
209,대봉점,대구광역시 중구 동덕로6길 12-14,None
210,대산점,충청남도 서산시 대산읍 구진로 61-1,041-664-9400
211,대소점,충청북도 음성군 대소면 오태로99번길 12-4,043-881-8508
212,대신점,경기도 여주시 대신면 여양로 1452,031-884-3669
213,대연점,부산광역시 남구  천제등로28번길50,None
214,대우점,"인천광역시 부평구 길주로394번길 5, 1층102호(산곡동,모모)",None
215,대전옥계점,대전광역시 중구 대종로 59(옥계동),042-272-9292
216,대전용문점,대전광역시 서구 용문로 35-18,042-524-8030
217,대전지사, ,"
"
218,대전터미널점,대전광역시 동구 동서대로1695번길 106,042-631-0666
219,대조동점,서울특별시 은평구 역말로9길 40-1. 1층(대조동),02-355-6360
220,대진점,강원도 고성군 현내면 한나루로 112-1,033-682-0303
221,대천해수욕장점,충청남도 보령시 해수욕장4길 68,041-932-9047
222,대치동점,서울특별시 강남구 남부순환로 2917 (1층 108호),None
223,대학로점,강원도 삼척시  대학로 45(당저동),033-573-4298
224,대화장성점,경기도 고양시일산서구 호수로838번길 22,031-916-1233
225,대화점(강원),강원도 평창군  대화면 대화3길 46,033-333-2001
226,덕산점,충청북도 진천군 덕산면 덕금로 809,043-536-5888
227,덕절리점,경기도 화성시 정남면 발안로 1177,031-373-2660
228,덕천점,경기도 안양시만안구 덕천로128번길 18(안양동),031-444-0406
229,덕풍동점,"경기도 하남시 신장로 104, 1층 (신장동, 성원쌍떼빌)",031-793-9922
230,도계점,"강원도 삼척시  도계읍 도계로 228, 1/3",033-541-6027
231,도고점,충청남도 아산시 도고면 아산만로 162-1,041-544-8746
232,도구점,경상북도 포항시남구 동해면 일월로 116,054-286-2970
233,도당점,경기도 부천시원미구 옥산로 145,032-677-7500
234,도련점,"제주특별자치도 제주시 삼봉로 115, 미듬하나로맨션상가 103호",064-751-9282
235,도림주공점,인천광역시 남동구 논고개로 299,032-434-8292
236,도립대점,강원도 강릉시  주문진읍 연주로 261-1,033-661-7282
237,도마점,대전광역시 서구 도마5길 4,042-522-0704
238,도봉점,"서울특별시 도봉구 도봉로164길 10(도봉동, 1층)",02-955-8695
239,도안지구점,대전광역시 유성구 원신흥남로 11번길 6-22 (102호),042-822-9283
240,도영점,강원도 원주시 남원로 527번길 6-34(명륜동),None
241,도평점,경기도 광주시 초월읍 현산로 89-6,031-768-9266
242,독산3점,서울특별시 금천구 독산로 319 (독산동),02-867-1780
243,동광양점,전라남도 광양시 중마로 201,061-795-8952
244,동대동점,충청남도 보령시 작은오랏2길 60-6,041-936-8866
245,동두천역전점,경기도 동두천시 생연로 120(생연동),031-862-2973
246,동두천터미널점,경기도 동두천시 중앙로265번길 15,031-862-7853
247,동명동점,강원도 속초시 번영로105번길 19(동명동),033-631-2530
248,동명점,경상북도 칠곡군 동명면 봉암1길 7,054-976-4840
249,동백점,경기도 용인시기흥구 동백동 662번지,None
250,동삼점,부산광역시 영도구 태종로 688-2(동삼동),051-405-3377
251,동송점,강원도 철원군  동송읍 금학로 232,033-455-4490
252,동아점,경기도 고양시일산동구 강송로 196 동아아파트상가 1-3,031-902-0203
253,동암남점,인천광역시 부평구 경인로701번길 43 1층,032-421-8180
254,동천동점,경기도 용인시수지구 고기로45번길 58 동문그린아파트 상가101호,031-262-9759
255,동천점,경상북도 경주시 탈해로47번길 6-4,054-773-7731
256,동촌점,대구광역시 동구 해동로 243-1,None
257,동탄1점,"경기도 화성시 동탄지성로 150-9(능동,상가101호)",031-613-0092
258,동탄2점,경기도 화성시 동탄청계로 303-14,None
259,동탄목동점,경기도 화성시 목동 462-4,031-8055-8258
260,동탄반송점,"경기도 화성시 노작로3길 22,1층 일부호(반송동)",None
261,동탄한백점,경기도 화성시 동탄대로24길 117,031-373-9228
262,동해점,강원도 동해시  천곡2길 4(천곡동),033-532-3325
263,두구동점,부산광역시 금정구 체육공원로 618,051-508-0032
264,두정점,충청남도 천안시서북구 부성6길 23,041-556-9933
265,둔덕점,전라남도 여수시 만성로 20,061-651-6641
266,둔산1점,대전광역시 서구 둔산로 201 국화동성@상가 202호,042-482-1872
267,둔산2점,대전광역시 서구 둔산로218번길 29,042-486-1007
268,뚝섬점,서울특별시 광진구 뚝섬로23길 50,02-499-4330
269,레이크타운점,"경기도 안산시단원구 광덕1로 195, 104호",031-406-1111
270,마석점,"경기도 남양주시 화도읍 비룡로 185-20, 210(삼진상가2층)",031-595-8686
271,마송점,경기도 김포시 통진읍 조강로 49,031-988-4443
272,마장점,경기도 이천시 마장면 중앙로6번길 15,031-632-3323
273,마전점,충청남도 금산군 추부면 마전로 55,041-753-7972
274,마천1점,서울특별시 송파구 마천로61길 9(마천동),02-409-0186
275,마평리점,경기도 용인시처인구 금령로 129(마평동),031-335-8542
276,만년점,대전광역시 서구 만년로16번길 27(만년동),042-485-9949
277,만수1점,"인천광역시 남동구 만수서로 97-17, 103호",032-462-2664
278,만수3점,인천광역시 남동구 백범로214번길 6-2,None
279,만수삼환점,인천광역시 남동구 소래로669번길 30 106호,032-465-0892
280,만수주공점,인천광역시 남동구 장승남로34번길 22 상가 111호,032-466-3331
281,만촌점,대구광역시 수성구 국채보상로 1024,053-751-0870
282,망상점,"강원도 동해시  동해대로 6270-16, 1층 111호(망상동)",None
283,망원동점,서울특별시 마포구 방울내로 66,02-337-8060
284,매산점,경기도 수원시팔달구 갓매산로26번길 24,None
285,매송점,경기도 화성시 매송면 화성로2358번길  37,031-294-7696
286,매탄점,경기도 수원시영통구 동수원로514번 15 103호,031-214-9292
287,매화동점,경기도 시흥시 매화1로 21,031-313-2914
288,명곡점,대구광역시 달성군 화원읍 비슬로 2420,053-638-9935
289,명보점,충청북도 제천시 용두천로 112(남천동),043-644-4311
290,명일점,서울특별시 강동구 동남로67길 44(명일동),02-441-4171
291,모가점,경기도 이천시 모가면 진상미로 1257(성광주택),031-633-3663
292,모슬포점,제주특별자치도 서귀포시  ,None
293,모현점,경기도 용인시처인구 모현면 외대로 36,031-339-6860
294,목감점,경기도 시흥시 동서로 1095,031-405-3677
295,목동1점,서울특별시 양천구 목동중앙로 49,02-2642-0177
296,목동3점,"서울특별시 양천구 목동동로 50 A-111(신정동, 목동아파트)",02-2645-3633
297,목동시장점,서울특별시 양천구 목동중앙남로10 7,02-2646-4803
298,목상석봉점,"대전광역시 대덕구 대덕대로1454 11-6(목상동,1층)",None
299,목행점,충청북도 충주시 행정10길 10(목행동),043-853-2900
300,무거1점,울산광역시 남구 신복로23번길 15(무거동),052-225-9200
301,무실점,강원도 원주시 시청로 88-1,033-734-9255
302,무주점,전라북도 무주군 무주읍 향학로 42,063-322-3938
303,묵동점,서울특별시 중랑구 동일로149길 15,02-973-4977
304,묵호점,"강원도 동해시  발한로 137(발한동, 가동)",033-533-1668
305,문경점,경상북도 문경시 문경읍 주흘로 29,054-571-7964
306,문덕점,경상북도 포항시남구 오천읍 해병로 405 청호아파트상가 101호  ,054-292-1236
307,문막점,강원도 원주시 문막읍 문막시장1길 55-2,033-735-0909
308,문산점,"경기도 파주시 문산읍 문향로 82,  102호",031-952-2781
309,문정점,"서울특별시 송파구 송이로33길 6-17(문정동, 지상1층)",02-408-5797
310,문촌점,경기도 고양시일산서구 대산로 183,031-913-9292
311,문학점,"인천광역시 미추홀구 승학길 4(문학동, 101호)",032-422-6892
312,문화동점,충청북도 충주시 사직산1길 15-11(문화동),043-853-7204
313,문화점,대전광역시 중구 보문산로161번 61,None
314,미금점,경기도 성남시분당구 미금일로 55 상가동108호,031-714-7463
315,미룡산북점,전라북도 군산시 부곡로 125(미룡동),063-465-8388
316,미사1점,"경기도 하남시 미사강변중앙로 223, 113호 (망월동, 센트럴파크1)",031-795-3792
317,미아점,서울특별시 강북구 도봉로29길 10 1층,02-985-1145
318,미원점,충청북도 청주시상당구 미원면 미원시내2길 19-3,043-298-3993
319,민락점,경기도 의정부시 오목로 99,031-851-4749
320,박달동점,경기도 안양시만안구 박달로 471,031-447-3131
321,반구점,울산광역시 중구 화합로 403 (반구동),052-293-9999
322,반달마을점,경기도 부천시원미구 상일로 69 1층,032-323-9292
323,반송2점,부산광역시 해운대구 반송로924번길 27-2,051-543-5531
324,반월점,전라북도 전주시덕진구 반월3길 19 (반월주공아파트상가 104호),063-213-8292
325,발산동점,서울특별시 강서구 우장산로 9(내발산동),02-3664-0907
326,방어진점,울산광역시 동구 화문로 75,052-201-4730
327,방이2점,"서울특별시 송파구 오금로23길 25, 나동 1층 (방이동)",02-423-8587
328,방화1점,서울특별시 강서구 양천로11길 8(방화동 487-8 1층),02-2663-2224
329,방화2점,"서울특별시 강서구 방화동로 116-1(방화동, 1층)",02-2666-9992
330,배곧1점,경기도 시흥시 서울대학로278번길 25-8,031-431-2024
331,배방점,충청남도 아산시 배방읍 모산로 172,041-548-1258
332,배시내점,경상북도 김천시 감문면 배시내길14,054-431-5425
333,백련시장점,서울특별시 서대문구 증가로 135(남가좌동),02-376-3604
334,백사점,경기도 이천시 백사면 현방로 78-2,031-632-4462
335,백암점,경상북도 울진군 온정면 소태로 3,054-787-2466
336,백양사점,전라남도 장성군 북하면 백양로 904,None
337,백천점,경상북도 경산시 백천동 경청로219길 4-6 108호 ,None
338,백학점,경기도 연천군 백학면 백두길 69-4,031-835-8669
339,번동점,서울특별시 강북구 오현로32길 4-3 1층 5호,02-986-9200
340,번영점,충청남도 공주시 관골1길 24-14 1층 2호,041-856-9533
341,범서점,울산광역시 울주군 범서읍 점촌5길 37,052-245-2580
342,범어점,경상남도 양산시 물금읍 동중5길22,055-383-8897
343,범어B점,대구광역시 수성구 동대구로77길 24,None
344,법1동점,대전광역시 대덕구 계족로 663번길 30,042-673-4700
345,법2동점,대전광역시 대덕구 계족산로17번길 81,042-631-0606
346,법원점,경상북도 포항시북구 장량중앙로 84,054-231-9998
347,별내점,경기도 남양주시 별내중앙로 26,031-574-2777
348,병영점,울산광역시 중구 병영로 80,052-292-5255
349,병점점,경기도 화성시 병점로 58(병점동),031-236-9245
350,병천점,충청남도 천안시동남구 병천면 아우내장터2길 46,041-564-9199
351,보개점,경기도 안성시 보개면 남사당로 1-3,031-674-5882
352,보광2점,"서울특별시 용산구 장문로6길 101, 지상1층(동빙고동 1-9)",02-790-6161
353,보라점,경기도 용인시기흥구 사은로 116,031-287-2884
354,보령웅천점,충청남도 보령시 웅천읍 충서로 872,041-931-3052
355,보은점,충청북도 보은군 보은읍 삼산로 31,043-543-1655
356,복대점,충청북도 청주시흥덕구 복대로 199번길 3,043-265-2450
357,복수점,대전광역시 서구 복수북로 61,042-584-7308
358,본리점,대구광역시 달서구 대명천로42길 26,None
359,본오2점,경기도 안산시상록구 각골로 123,031-416-4066
360,봉곡점,경상북도 구미시 봉곡남로9길 35,None
361,봉담와우리점,경기도 화성시 봉담읍 와우로15번길 55-9 효성@상가1층,031-222-0147
362,봉담점,경기도 화성시 봉담읍 진등1길 57-1,031-298-9966
363,봉덕2점,대구광역시 남구 대봉로 35,053-476-4819
364,봉동주공점,전라북도 완주군 봉동읍 낙평리 1245 104호,None
365,봉산점,강원도 원주시 치악로 1867 (봉산동),033-743-2877
366,봉암리점,경기도 양주시 은현면 은현로 521,031-864-7255
367,봉일천점,경기도 파주시 조리읍 두루봉로 5,031-945-5130
368,봉천현대점,"서울특별시 관악구 양녕로 35-1, 1층(봉천동)",02-873-6430
369,봉평점,강원도 평창군  봉평면 기풍3길 28,033-336-9282
370,봉화점,경상북도 봉화군 봉화읍 내성리 236-17,054-672-0909
371,부강점,세종특별자치시  부강면 부강2길 11,044-275-0514
372,부개주공점,"인천광역시 부평구 부개로 79, (부개동,부개택지개발1블럭)",032-361-0097
373,부곡점(안산),"경기도 안산시상록구 성호로 258, 안산제2종합시장 1003호",031-416-7532
374,부곡점(의왕),경기도 의왕시 솔밭길 31,031-461-9292
375,부발점,경기도 이천시 부발읍 무촌로 137,031-634-6204
376,부산신평점,부산광역시 사하구 다대로142번길 130(신평동),051-207-6551
377,부산지사, ,"
"
378,부석점,경상북도 영주시 부석면 소천리 381-7,054-633-3132
379,부송점,전라북도 익산시 부송1로 65,063-832-9292
380,부안점,강원도 춘천시 후석로 261(후평동),033-256-4825
381,부여점,충청남도 부여군 부여읍 성왕로 173번길 12,041-833-2777
382,부평점,"인천광역시 부평구 부평문화로115 번길7, 1층(부평동)",032-516-8292
383,북가좌1점,"서울특별시 서대문구 증가로20길 71, 1층(북가좌동)",02-372-1600
384,북가좌2점,서울특별시 서대문구 거북골로 148(북가좌동),02-375-7283
385,북내점,경기도 여주시 북내면  여양2로 267,031-884-4070
386,북문점,경기도 수원시장안구 팔달로259번길 9,031-255-7217
387,북변점,"경기도 김포시 봉화로182번길 29, 113호",031-982-4560
388,북부점(경주),경상북도 경주시 북성로 96,054-743-6410
389,북삼점,경상북도 칠곡군 북삼읍 평원2길 15,None
390,북평점,강원도 동해시  대동로 131(북평동),033-521-6321
391,분당동점,경기도 성남시분당구 수내로 201,None
392,분평동점,충청북도 청주시서원구 청남로 2005번길 27,043-285-2929
393,불광동점,서울특별시 은평구 불광로 192,02-353-3431
394,불노지구점,"인천광역시 서구 검단로 842, 중앙상가동 1층 153호",032-562-5452
395,불당점,충청남도 천안시서북구 불당5길 23,041-556-8892
396,비래가양점,대전광역시 동구 가양2동  31-5 1층,None
397,비산1동점,"경기도 안양시동안구 경수대로 946, 111호 (비산동, 대광로제비앙)",031-388-5414
398,비산삼호점,경기도 안양시동안구 동안로 259,031-388-9672
399,비산B점,대구광역시 서구 통학로48길 35,None
400,비인점,충청남도 서천군 비인면 비인로 158-1,041-952-6231
401,사당4점,서울특별시 동작구 동작대로7길 34,None
402,사동2점,"경기도 안산시상록구 감골로 43(사동, 102호)",031-416-2992
403,사동리점,경기도 이천시 대월면 사동로 162,031-637-7770
404,사동점,경기도 안산시상록구 후곡4길 25,031-408-0411
405,사북점,강원도 정선군  사북읍 사북중앙로 13,033-592-3686
406,사우동점,강원도 춘천시 영서로 2818(사농동),033-251-9794
407,사우지구점,경기도 김포시 김포대로926번 131,031-998-7557
408,사창동점,충청북도 청주시서원구 1순환로 698(사창동),043-265-0338
409,사창리점,강원도 화천군  사내면 사내로 47-1,033-441-4603
410,산본13점,"경기도 군포시 고산로677번길 12 우성상가A동 8,9호",None
411,산본3점,"경기도 군포시 광정로 25-16. 103호(금정동,퇴계종합상가)",031-397-1980
412,산본9점,"경기도 군포시 수리산로203번 34 , 1층(산본동)",031-393-0861
413,산북점,경기도 여주시 산북면 상품로 99,031-884-9266
414,산성점,대전광역시 중구 보문산로 78,042-583-6881
415,삼광점,강원도 원주시 행구로 107,033-746-9829
416,삼동점,경기도 광주시 순암로 509(삼동),031-797-3044
417,삼방점,경상남도 김해시 삼안로235번길 14(삼방동668-17),055-332-5921
418,삼산점,인천광역시 부평구 후정동로 15,032-511-0882
419,삼성동점,"서울특별시 강남구 영동대로112길 61, 1층(삼성동)",02-515-4097
420,삼성마을점,"경기도 군포시 삼성로 6, 1층 108호 (부곡동, 웅신프라자)",031-461-2692
421,삼송점,경기도 고양시덕양구 삼송로193번길 29   1층,02-381-1552
422,삼양동점,서울특별시 강북구 솔매로 39 (미아동),02-984-3325
423,삼환대우점,"인천광역시 연수구 원인재로 124, 상가동 1층 116호",032-815-9933
424,삽교점,충청남도 예산군 삽교읍 삽교로2길 2,041-338-7193
425,상갈점,경기도 용인시기흥구 금화로108번길 7,None
426,상계역점,"서울특별시 노원구 상계로23다길 4, 102호(상계동)",02-938-9888
427,상대원1점,경기도 성남시중원구 박석로62번길 1(상대원동),031-733-3141
428,상도4동점,서울특별시 동작구 양녕로26길 28 1층,02-813-2651
429,상도점,"서울특별시 동작구 만양로 11, 1층 101호 (상도동)",02-826-7374
430,상동점,전라북도 정읍시 충정로 37,063-535-9889
431,상동현대점,경기도 부천시원미구 조마루로85번길 9,032-325-9533
432,상리점,경기도 여주시 청심로 232(상동),031-885-2512
433,상무세정점,광주광역시 서구 상무화원로31번 18,None
434,상봉동점,"서울특별시 중랑구 봉우재로 161, 1층 (상봉동)",02-434-1563
435,상인점,대구광역시 달서구 상화북로 137,053-633-9977
436,상일동점,"서울특별시 강동구 상일로 29-1, 1층(상일동)",02-428-1306
437,상현점,경기도 용인시수지구 만현로 110,031-276-5511
438,새마을점,경기도 안양시만안구 병목안로 119,031-443-3787
439,샘머리점,대전광역시 서구 청사로 281 상록스토아 306,042-488-2592
440,서3점,부산광역시 금정구 금사로 11-1(서동),051-526-4193
441,서귀동문점,제주특별자치도 서귀포시 서문로29번길 18,064-733-5592
442,서남점,대구광역시 달서구 당산로41길 69,053-556-7383
443,서둔탑동평동점,경기도 수원시권선구 서둔로 197-1,None
444,서면점(충남),세종특별자치시  연서면 당산로 286 대원네스트빌@상가101,044-863-8292
445,서문동점,충청북도 청주시상당구  남사로89번길32,043-252-1700
446,서부점,경상남도 창원시진해구  충장로 100,055-545-9282
447,서산1점,충청남도 서산시 동헌로 129,041-664-1596
448,서산부영점,충청남도 서산시 성암1로 56,041-681-6661
449,서산삼성점,충청남도 서산시 서령로 137,041-664-7072
450,서상점,경상남도 함양군 서상면 서상로 290-2,055-963-0033
451,서석점,강원도 홍천군  서석면 구룡령로 2525,033-433-2777
452,서울온천점,"서울특별시 노원구 노원로16길 15, 상가동 1층 104호 (하계동,중계9단지상가)",02-976-7030
453,서울외대점,"서울특별시 동대문구 천장산로 3, 1층 좌측 (이문동)",02-959-9295
454,서울지사,서울특별시 금천구 시흥동 985-14,02-2200-2540
455,서정점,경기도 평택시 송탄로 183,None
456,서창점,인천광역시 남동구 운연천로  7,032-473-8252
457,서천점,충청남도 서천군 서천읍 서천로 117,None
458,서천점(용인),"경기도 용인시기흥구 예현로35번길  6 서천동,1층",031-273-2333
459,서초동점,서울특별시 서초구 효령로 424,02-523-8889
460,서현점,경기도 성남시분당구 불정로376번길 31,None
461,석관동점,"서울특별시 성북구 돌곶이로22길 50, 1층(석관동)",02-968-1645
462,석림점,충청남도 서산시 석림3로 25,041-681-3005
463,석문점,충청남도 당진시 석문면 통정3안길 8-15,041-353-8333
464,석사점,"강원도 춘천시 공지로252번길 4, 1층(효자동)",033-253-8422
465,석산점,경상남도 양산시 동면 금오12길4-11,055-387-9293
466,석적점,경상북도 칠곡군 석적읍 북중리 11길 28,054-977-3999
467,석촌점,"서울특별시 송파구 송파대로37길 26, 101호 (석촌동)",02-424-9245
468,석포점,경기도 화성시 장안면 버들로 1199,031-352-5713
469,선부3점,"경기도 안산시단원구 달미로 85-1, 104호",031-414-1936
470,선수촌점,서울특별시 송파구 올림픽로4길 17,02-418-2320
471,선유점,경기도 파주시 문산읍 독서울1길 39 휴먼시아상가 106,031-953-9248
472,선화점,대전광역시 중구 대전천서로 503,042-254-5484
473,설봉점,경기도 이천시 향교로 106(창전동),031-637-8610
474,설성점,경기도 이천시 설성면 설장로 13,031-642-0303
475,설악동점,강원도 속초시 청봉로 185,033-636-8316
476,설악면점,경기도 가평군 설악면 신천중앙로 131,031-584-5592
477,성거점,충청남도 천안시서북구 성거읍 성거길 90,None
478,성남점,경기도 성남시중원구 성남대로 1151,031-754-2367
479,성남점(울산),울산광역시 중구 새즈믄해거리 19 (성남동2층),052-211-3929
480,성내동점,서울특별시 강동구 성안로3길 102(성내동),02-478-0092
481,성당점,대구광역시 달서구 장기로26길 51,053-629-5088
482,성대1점,경기도 수원시장안구 율전로85번길 15(율전동),None
483,성대2점,"경기도 수원시장안구 서부로2197번 36-1, 1층",031-207-9292
484,성산점,제주특별자치도 서귀포시 성산읍 성산중앙로 38,064-782-4740
485,성서점,대구광역시 달서구 성서서로 316,053-584-0067
486,성석점,경기도 고양시일산동구 고봉로 616(성석동),031-975-9279
487,성정2점,충청남도 천안시서북구 서부12길 14,041-575-3161
488,성정점,충청남도 천안시서북구 성정로 75,041-575-9282
489,성주점(경북),경상북도 성주군 월항면  주산로 397,054-932-9448
490,성환점,충청남도 천안시서북구 성환읍 성환중앙로 49,None
491,세검정점,서울특별시 종로구 평창문화로 28-1(평창동),02-391-0113
492,세곡점,서울특별시 강남구 밤고개로34길  (세곡동 1층 16),02-2226-9255
493,세류점,경기도 수원시권선구 정조로 558(세류동),031-233-9621
494,세종청사점,"세종특별자치시  갈매로 479, 101호(어진동, 상가동지하1층)",044-864-9249
495,센트럴파크점,인천광역시 연수구 컨벤시아대로 50,032-833-1919
496,소래점,인천광역시 남동구 청능대로 718 9,032-441-0151
497,소양로점,강원도 춘천시 중앙로 126 (소양로4가),033-253-8281
498,소촌점,광주광역시 광산구 어등대로665번 27,062-945-4792
499,속리산점,충청북도 보은군 속리산면 사내6길 5-3,043-543-0488
500,송강그린점,대전광역시 유성구 와룡로 21,None
501,송강마을점,대전광역시 유성구 구즉로58번길 12(송강동),042-935-4554
502,송내1점,경기도 부천시소사구 경인로120번길 송내동 457-1,032-665-4976
503,송내점,경기도 동두천시 거북마루로 24,031-864-9292
504,송도신도시점,"인천광역시 연수구 해돋이로6번길 33, 한진해모로상가 105호",032-858-9233
505,송도점(인천),인천광역시 연수구 비류대로 216 1층4호,None
506,송도점(포항),경상북도 포항시남구 송림로 47-1,054-248-2700
507,송림점,인천광역시 동구 샛골로161번길 25,032-763-8059
508,송산점,충청남도 당진시 송산면 송산로 809,041-358-9399
509,송악점,충청남도 아산시 송악면 송악로 813,041-543-3393
510,송우리점,경기도 포천시 소흘읍 송우리730-16,031-542-9293
511,송정점,"강원도 동해시 동해항2길 5, 7/2(송정동)",033-522-4651
512,송지호점,강원도 고성군 죽왕면 동해대로 5902,033-632-0020
513,송천점,전라북도 전주시덕진구 솔내로 111(송천동1가),063-274-0607
514,송촌점,대전광역시 대덕구 동춘당로23번길 104,042-633-9009
515,송현점,대구광역시 달서구 월배로74길 24,053-652-8906
516,수곡동점,충청북도 청주시서원구 청남로 2092-1(수곡동),043-283-6964
517,수리산역점,"경기도 군포시 번영로 403, 211(산본동, 가야주공)",031-392-5354
518,수림점,인천광역시 남동구 주안로237번길 1,032-432-7374
519,수성점,대구광역시 수성구 달구벌대로458 26,None
520,수안보점,충청북도 충주시 수안보면 장터2길 20-7,043-846-8954
521,수완점,광주광역시 광산구 수완로9번길 38,062-952-7792
522,수원지사, ,"
"
523,수유점,"서울특별시 강북구 노해로11길 42, 1층(수유동)",02-908-8165
524,수진점,"경기도 성남시수정구 제일로124번길 8, 1층 (수진동)",None
525,순흥점,경상북도 영주시 순흥면 읍내리 315-1,054-632-4555
526,시화3점,경기도 시흥시 정왕대로53번길 29,031-432-1113
527,시화5점,경기도 시흥시 역전로 427 세종상가 104,031-431-8585
528,시화6점,경기도 시흥시 중심상가로 132 청솔아파트 상가 104호,031-497-2883
529,시화7점,"경기도 시흥시 정왕신길로49번 37,109(서해APT상가)",031-431-7979
530,시화지구점,경기도 시흥시 봉우재로7번길 20,031-499-1212
531,시흥사거리점,서울특별시 금천구 시흥대로57길 41 1층,None
532,시흥현대점,"서울특별시 금천구 독산로36길 8, 지하1층 (시흥동)",02-809-9892
533,신공덕점,"서울특별시 마포구 만리재옛길 20(신공덕동, 1층)",02-703-4456
534,신공항점,"인천광역시 중구 영종대로27번길 41, 상가동 103호",032-746-0311
535,신관점,충청남도 공주시 공주대학로 9-1,041-856-7775
536,신구로점,서울특별시 구로구 구로중앙로 28다길21,02-861-4747
537,신길2점,서울특별시 영등포구 영등포로86길 12 (신길동),None
538,신내동점,"서울특별시 중랑구 봉화산로 236(신내동, 102호)",02-432-5355
539,신대방역점,서울특별시 관악구 남부순환로 143길 20,None
540,신대점,대전광역시 대덕구 신탄진로 213,042-625-8332
541,신둔점,경기도 이천시 신둔면 경충대로 3172,031-632-7228
542,신례원점,충청남도 예산군 예산읍 창말로 8,041-334-2022
543,신림2점,서울특별시 관악구 대학길 70,02-876-4811
544,신림점(원주),강원도 원주시 신림면 신림황둔로 4,033-762-0953
545,신림현대점,"서울특별시 관악구 신림로 122, 1층 (신림동)",02-889-9990
546,신반점,경상남도 의령군 부림면 신번로 164,055-574-6551
547,신부점,충청남도 천안시동남구 터미널5길 14,041-556-8588
548,신불당점,충청남도 천안시서북구 불당19로 95,041-569-9297
549,신사동점,"서울특별시 은평구 갈현로3길 33-8, 1층 (신사동)",02-385-5355
550,신선점,부산광역시 영도구 하나길 614,051-417-9987
551,신설동점,서울특별시 종로구 숭인동길 53-4,02-924-3936
552,신성점,대전광역시 유성구 신선로72번길 30,042-861-6881
553,신수동점,"서울특별시 마포구 토정로 240, 상가동 101호 (신수동, 신수현대아파트)",02-713-1888
554,신수리점,강원도 철원군  서면 자등로 595,033-458-5599
555,신시가지점,제주특별자치도 서귀포시 김정문화로 66(삼주연립주택),064-739-6949
556,신양점,충청남도 예산군 신양면 청신로 364,041-333-9288
557,신영통점,경기도 수원시영통구 영통로90번길 4-9(망포동485-3),031-206-2266
558,신원당점,경기도 고양시덕양구 고양대로1384 7-24 동문상가 1층 ,031-969-0909
559,신월4점,서울특별시 양천구 월정로 60 (신월동),None
560,신월7점,서울특별시 양천구 지양로7길 9,02-2604-7978
561,신월성점, ,053-566-3618
562,신정1점,"서울특별시 양천구 중앙로32길 55, 1층 101호 (신정동)",02-2648-7295
563,신정2점,"서울특별시 양천구 신목로2길 11, 1층 103호 (신정동,청구아파트상가)",02-2654-9200
564,신제주점,제주특별자치도 제주시  신대로124(연동),None
565,신창부영점,광주광역시 광산구 신창로71번길 33,062-959-9229
566,신창점,충청남도 아산시 신창면 서부남로 868,041-542-9998
567,신천은행점,경기도 시흥시 수인로3325번 15-4,031-311-7748
568,신천점,대구광역시 동구 송라로12길 31,None
569,신탄3점,대전광역시 대덕구 신탄진북로 32,042-931-0826
570,신태인점,전라북도 정읍시 신태인읍 신태인중앙로 7-1,063-571-1170
571,신풍시장점,서울특별시 영등포구 가마산로61길 3-1,02-848-6433
572,신항점,충청남도 태안군 근흥면 신진부두길 82,041-675-1349
573,신화명점,부산광역시 북구 화명동 산성로12번길 69,051-365-9990
574,신흥2점,"경기도 성남시수정구 수정남로 101-1, 1층(신흥동)",031-747-5535
575,심곡5점,경기도 부천시원미구 부천로103번길 17,032-652-2452
576,심곡본1점,"경기도 부천시소사구 성주로 159(심곡본동,1층)",None
577,심곡점,인천광역시 서구 심곡로 170 상가동 1층 103호,032-561-2537
578,십정점,인천광역시 부평구 배곶남로 18,032-424-5775
579,쌍촌시영점,광주광역시 서구 쌍촌로 37,062-375-2365
580,아동점,"경기도 파주시 경의로 1821, 1층101호",None
581,아라점,"제주특별자치도 제주시 인다12길 1 1층, 106호",064-702-9978
582,아산풍기점,충청남도 아산시 어의정로 184,041-541-9991
583,아중점,전라북도 전주시덕진구 인후동1가 880-5,063-242-9994
584,아진천곡달천점,울산광역시 북구 달천로 103-19(달천아이파크 2차상가 100동 B109호),052-297-9963
585,안강점,경상북도 경주시 안강읍 비화원로 117,054-761-2884
586,안계점,경상북도 의성군 안계면 서부로 1844,054-861-9991
587,안녕송산점,경기도 화성시 용주로 25 1층 일부호(안녕동),031-238-7789
588,안산3점,경기도 안산시단원구 예술대학로 107 상가104호,None
589,안산상록수점,경기도 안산시상록구 본삼로 17 1층 103호,031-407-2202
590,안산이동점,"경기도 안산시상록구 도매시장로 34-1, 102호",031-418-7911
591,안산일동점,경기도 안산시상록구 호동로 81(일동),None
592,안산효자점,경기도 안산시단원구 선부광장서로1길 15 효자상가103호,031-401-1417
593,안서점,충청남도 천안시동남구 중암1길 17,041-555-7333
594,안성2점,경기도 안성시 개내교1길 4,031-675-7680
595,안양5동점,경기도 안양시만안구 현충로28번길 45,031-442-9292
596,안의점,경상남도 함양군 안의면 강변로 321,None
597,안중점,경기도 평택시 안중읍 안현로서7길 16,031-682-9915
598,안흥점,강원도 횡성군 안흥면 안흥로 37-1,033-342-4018
599,암사2점,"서울특별시 강동구 구천면로 337, 1층 (암사동)",02-429-6692
600,암사역점,서울특별시 강동구 상암로11길 5 (암사동),02-442-9200
601,앙성점,충청북도 충주시 앙성면 가곡로 1033-1,043-855-0561
602,애월점,제주특별자치도 제주시 애월로 117,064-799-4482
603,야탑점,"경기도 성남시분당구 야탑로139번길 18-3 (야탑동,1층)",031-705-4999
604,약대점,경기도 부천시오정구 평천로 746,032-671-5823
605,약목점,경상북도 칠곡군 약목면 약목로 94-2(2층 건물내 1층),054-974-5074
606,약수역점,서울특별시 중구 다산로28길 22 1층,02-2238-4554
607,양곡1점,경기도 김포시 양촌읍 양곡2로60번길 53 101호,031-996-0729
608,양덕원점,강원도 홍천군  남면 시동로 4,033-432-3979
609,양덕합성점,경상남도 창원시마산회원구 합성옛길97 ,055-256-9930
610,양동점,경기도 양평군 양동면 양동시장길 6-5,031-771-9945
611,양문점,경기도 포천시 영중면 양문로 98-1,031-534-3849
612,양벌점,경기도 광주시 오포읍 양벌로 216-1,031-766-1204
613,양수리점,경기도 양평군 양서면 양수로150번길 9-2,031-772-6419
614,양재점,서울특별시 서초구 남부순환로356길 33 광성빌딩 1층,02-574-8631
615,양정염포점,울산광역시 북구 염포로 591-1(양정동),052-288-8019
616,양주백석점,경기도 양주시 백석읍 양주산성로 564-1 1층,None
617,양평옥천점,"경기도 양평군 옥천면 북부길9번길, 5",031-774-0340
618,양평용문점,경기도 양평군 용문면 용문역길 7,031-772-4787
619,양평점,경기도 양평군 양평읍 중앙로167번길 62,031-771-2213
620,양학점,경상북도 포항시북구 양학로32번길 9-1,054-274-9995
621,어양점,전라북도 익산시 고봉로18길 107(어양동),063-831-7804
622,언양점,울산광역시 울주군 언양읍 읍성로 40,052-263-1305
623,엄사금암점,충청남도 계룡시 엄사면 번영2길 4-41 101호,042-841-6007
624,엄정점,충청북도 충주시 엄정면 내창로 205,043-852-2919
625,에코점,인천광역시 남동구 앵고개로815번 19,032-437-3006
626,여월점,경기도 부천시오정구 삼작로302번길 21-3,032-678-9292
627,여의도점,"서울특별시 영등포구 63로 45, 2,3,4동 1층 117호 (여의도동, 여의도시",None
628,여주점,경기도 여주시 여흥로 97,None
629,역곡1점,경기도 부천시원미구 역곡로 61 (역곡동),032-345-4908
630,연남동점,서울특별시 마포구 연남로 41(연남동),02-323-3823
631,연동점,제주특별자치도 제주시 연동1길 10,064-747-4700
632,연무대점,충청남도 논산시 연무읍 안심로 127,041-742-0946
633,연봉점,강원도 홍천군  홍천읍 무궁화로 88,033-433-7266
634,연성점,"경기도 시흥시 인선길 100, 107호(장곡동, 연성프라자)",031-317-6977
635,연수3점,"인천광역시 연수구 함박뫼로 100, 107호",032-813-0391
636,연수6점,"인천광역시 연수구 샘말로 106-7(연수동, 1층 일부)",032-816-6675
637,연수동점,충청북도 충주시 연원로 28(연수동),043-848-3667
638,연수주공점,"인천광역시 연수구 원인재로 315, 103호",032-811-5544
639,연지점,경기도 안성시 혜산로 14-1,031-674-9992
640,연천점,경기도 연천군 연천읍 연천로 262,031-834-3010
641,연풍점,경기도 파주시 파주읍 술이홀로 449,031-953-9289
642,연풍점(충북),충청북도 괴산군 연풍면 향교로 28,043-833-5227
643,염창동점,"서울특별시 강서구 공항대로71길  54, 105호(염창동,태진한솔상가)",None
644,영광점,전라남도 영광군 영광읍 중앙로 115,061-352-1788
645,영덕점,경상북도 영덕군 영덕읍 중앙길 120-3,None
646,영동아파트점,"서울특별시 강남구 역삼로64길 11, 1층(대치동)",02-562-1296
647,영등포점,"서울특별시 영등포구 양산로 137, 1층(당산동3가)",02-2672-1454
648,영산점,경상남도 창녕군 영산면 서리상촌길 321,055-536-9289
649,영어마을점,제주특별자치도 서귀포시 대정읍 보성리 2476,064-792-7927
650,영오점,경상남도 고성군 영오면 영회로 514,055-672-9310
651,영운동점,충청북도 청주시상당구 영운로 34-1(영운동),None
652,영월삼호점,"강원도 영월군 영월읍 단종로 88, 102호 삼호상가",None
653,영월점,강원도 영월군 영월읍 은행나무길 19,033-374-4796
654,영주지사, ,"
"
655,영주풍기점,경상북도 영주시 풍기읍 풍기로 49-1,054-636-5915
656,영천시장점,서울특별시 서대문구 통일로 175,02-312-1719
657,영통2점,경기도 수원시영통구 영통로 498 상가동 106호,None
658,예산1점,충청남도 예산군 예산읍 천변로 179,041-332-2512
659,예산2점,충청남도 예산군 예산읍 역전로 70,041-332-6376
660,예천점,경상북도 예천군 예천읍 남본리 222-2,None
661,오류1점,"서울특별시 구로구 고척로1길 5, 1층 (오류동)",02-2613-8781
662,오목천점,경기도 수원시권선구 삼천병마로 1592번길 3(오목천동),031-293-9003
663,오산1점,경기도 오산시 오산로 190번 24,031-375-2300
664,오산2점,경기도 오산시 오산로 226번 18(원동),None
665,오성점,경기도 평택시 오성면 숙성시장길 36,031-681-4076
666,오송점,충청북도 청주시흥덕구 오송읍 연제길3 주건축물제1동 1층,043-235-9285
667,오정점,"경기도 부천시오정구 오정로 244번 45, (오정동,1층)",032-679-1684
668,오정초교점,경기도 부천시오정구 소사로794번길 59,None
669,오창점,충청북도 청주시청원구 주성2길 25-2,043-212-9277
670,오천원동점,경상북도 포항시남구 오천읍 냉천로302번길 51,054-292-8199
671,오포점,경기도 광주시 오포읍 오포로 886-1,031-765-9203
672,오학점,"경기도 여주시 현암2길  28-11, 1층8호(현암동, 삼진아파트)",031-885-8383
673,옥산점,경상북도 경산시 성암로10길 2-12(옥산동),053-813-1396
674,옥수동점,"서울특별시 성동구 독서당로39길 48, 1층 (옥수동)",02-2297-9998
675,옥정점,"경기도 양주시 옥정동로5다길 12, 1층(옥정동)",031-842-5592
676,옥천점(충북),충청북도 옥천군 옥천읍 금장로 53,043-731-5574
677,옥포1점,"경상남도 거제시 옥포로 282, 104동지하층101호",None
678,온수리점,인천광역시 강화군 길상면 강화동로 8-1,032-937-6270
679,온양1점,충청남도 아산시 충무로94번길 9,041-545-8178
680,와룡점,대구광역시 달서구 이곡동로 32,None
681,와수리점,강원도 철원군  서면 와수로 168-1,033-458-4898
682,왕십리점,서울특별시 성동구 무학봉15길 23,02-2293-8310
683,왜관점,경상북도 칠곡군 왜관읍 구상길 180-1 삼성A104,054-973-3637
684,외도점,제주특별자치도 제주시 우정로16길 31,064-712-5922
685,외동모화점,경상북도 경주시 외동읍 모화공단길14-2,054-772-7972
686,용강점,경상북도 경주시 승삼1길 6-10,None
687,용담점,"제주특별자치도 제주시 욤담로 94, 1층",None
688,용산점,"충청북도 충주시 금붕9길 3, 106호(용산동)",043-847-9942
689,용연점,충청남도 아산시 배방읍 용연로 36,041-533-9982
690,용운점,대전광역시 동구 용운로 144,042-284-7553
691,용원점,경상남도 창원시진해구 용재로29번길 5-17,055-552-0543
692,용이점,경기도 평택시 현신1길 33-5,031-691-9988
693,용인구성점,경기도 용인시기흥구 구성로 176(언남동),031-284-0848
694,용인시청점,경기도 용인시처인구 중부대로 1142-1,031-338-6641
695,용전점,대전광역시 대덕구 홍도로 114번길 1,042-622-9955
696,용현1호점,인천광역시 미추홀구 인주대로174번 36,None
697,용현2호점,인천광역시 미추홀구 낙섬중로 11(용현동),032-885-4658
698,용현점,"경기도 의정부시 충의로57번길 7-3(용현동, 1층)",031-851-6464
699,용호점,부산광역시 남구 동명로145번길 90,None
700,용화점,충청남도 아산시 시민로258번길 3-21,041-546-0002
701,우만지동점,경기도 수원시팔달구 창룡대로150번 55(우만동),031-252-5731
702,우산동보점,강원도 원주시 진광길 30(우산동),033-744-9028
703,우암점,충청북도 청주시청원구 향군로 20(우암동),043-257-2722
704,우창점,경상북도 포항시북구 아치로 15,054-248-3618
705,우천점,강원도 횡성군 우천면 수남로 333,033-343-9141
706,운남삼성점,광주광역시 광산구 임방울대로 142-12,062-953-2624
707,운정1점,"경기도 파주시 미래로 603, 상가동 203호(목동동)",031-948-9200
708,운정2점,"경기도 파주시 동패로 115, 상가동 122호",031-942-9245
709,운천점,경기도 포천시 영북면 운천로 10,031-533-7833
710,울산신정1점,울산광역시 남구 봉월로164번길 4,052-275-1288
711,울진점,경상북도 울진군 울진읍 울진중앙로 50,054-782-7979
712,원곡동점,"경기도 안산시단원구 원선로 55, 104호(원곡동)",031-411-5291
713,원당지구점,"인천광역시 서구 원당대로 866, 103호",032-567-3689
714,원동일산점,"강원도 원주시 무실로 96, 1층 (일산동)",033-743-2581
715,원북점,충청남도 태안군 원북면 원이로 837,041-675-3231
716,원앙마을점,충청남도 천안시동남구 목천읍 삼성5길 46,041-562-0033
717,원종3점,경기도 부천시오정구 원종로 7,032-678-7275
718,원주지사,테스트 테스트구 테스트점 23-123,033-747-2691
719,원천점,경기도 수원시영통구 동탄원천로110 42,031-213-9292
720,원통점,강원도 인제군  북면 금강로 46,033-461-1919
721,월계삼호점,서울특별시 노원구 마들로 127 삼호4차 상가,02-975-3535
722,월곡2점,서울특별시 성북구 월곡로 112,02-913-5912
723,월봉점,충청남도 천안시서북구 월봉로 79,041-578-7782
724,월피주공점,"경기도 안산시상록구 예술광장1로 7, 주공상가 107호",031-414-4333
725,위미점,제주특별자치도 서귀포시 남원읍 위미중앙로 204,064-764-1181
726,유강점,경상북도 포항시남구 연일읍 유강길10번길 33-4,054-274-9979
727,유구점,충청남도 공주시 유구읍 중앙1길 88,041-841-0821
728,유림점,경상남도 함양군 유림면 천왕봉로 2867,055-963-9900
729,유성1점,대전광역시 유성구 계룡로60번길 60-2,None
730,유성2점,대전광역시 유성구 유성대로 745,None
731,유천2점,대전광역시 중구 계백로 1626-1,042-585-7789
732,유천점,대전광역시 중구 문화로 71-1,None
733,율도점,인천광역시 서구 새오개로 75,032-581-3355
734,율량점,충청북도 청주시청원구 공항로 114,043-211-2428
735,율암온천점,경기도 화성시 팔탄면 온천로 454,None
736,율하점,대구광역시 동구 율하동로12길 12(율하동),053-963-9292
737,으뜸점,광주광역시 서구 상무공원로 112 해광한신아파트상가 113호,062-371-8292
738,은빛점,경기도 고양시덕양구 화중로130번길 5-19,031-968-8295
739,은행나무점,서울특별시 금천구 탑골로 17,02-803-9721
740,은행점,경기도 성남시중원구 산성대로582번 14. 1층(은행동),None
741,은행택지점,"경기도 시흥시 은행로 107, 상가1동 1202호",031-312-2444
742,음봉점,충청남도 아산시 음봉면 산동안길 10,041-533-3151
743,음성점,충청북도 음성군 음성읍 시장로 95,043-873-7709
744,응암1점,서울특별시 은평구 응암로 247(응암동),02-353-6479
745,의당신한점,충청남도 공주시 의당면 연수원길 115-2 102호,041-858-9282
746,의정부지사, ,"
"
747,이대점,"서울특별시 마포구 숭문16길 6, 1층(염리동)",None
748,이동점,경기도 포천시 이동면 화동로 2105,031-532-8908
749,이매점,경기도 성남시분당구 이매로 54 이매촌분산상가 101호,031-704-9595
750,이수점,충청남도 천안시서북구 한들1로 58,041-569-9245
751,이원점,충청북도 옥천군 이원면 신흥1길 5,043-731-6646
752,이월점,충청북도 진천군 이월면 진광로 789-1,043-536-8898
753,이주단지점,충청남도 당진시 송악읍 신복운로6길 7(1층),041-358-8252
754,이천중앙점,경기도 이천시 서희로 37(중리동),None
755,이천현대점,경기도 이천시 부발읍 경충대로2110번길 14,031-636-8595
756,이포점,경기도 여주시 금사면 이포로 60,031-884-9279
757,이화동점,서울특별시 종로구 대학로 52(연건동),02-745-0233
758,인계점,경기도 수원시팔달구  권광로 317번길,None
759,인덕원점,"경기도 안양시동안구 흥안대로517번 49, 1층(관양동)",031-423-9999
760,인동점,경상북도 구미시 인동중앙로 3길 38-4,054-472-9288
761,인동점(대전),대전광역시 동구 충무로 229,042-271-2233
762,인월점,전라북도 남원시 인월면 인월장터로 9-1,063-636-2381
763,인제점,강원도 인제군  인제읍 비봉로 3,033-461-2510
764,인제현리점,강원도 인제군  기린면 기린로 19,033-461-5132
765,인창점,경기도 구리시 건원대로99번길 54,031-551-2291
766,인천남부점,"인천광역시 남동구 성리로35번길 20-1(구월동, 1층)",032-469-3221
767,인천남촌점,인천광역시 남동구 남촌동로 52-1,032-469-3113
768,인천지사, ,"
"
769,일도점,제주특별자치도 제주시 천수로 25-1,064-726-5592
770,일동점,경기도 포천시 일동면 화동로 1073,031-534-3700
771,일신점,인천광역시 부평구 일신로 11,032-501-4242
772,일원동점,"서울특별시 강남구 일원로3길 69, 1층 102호 (일원동)",02-451-9292
773,임계점,강원도 정선군  임계면 송계5길 5,033-562-3939
774,임광점,경기도 수원시영통구 권선로 792 (매탄동),031-234-3396
775,임천점,충청남도 부여군 임천면 성흥로 94-1,None
776,입암동점,강원도 강릉시 성덕포남로 89-10,033-651-3366
777,자양1점,"서울특별시 광진구 자양로13다길 47(자양동, 1층)",None
778,자양3점,서울특별시 광진구 뚝섬로 693,02-456-9276
779,자양점,대전광역시 동구 동대전로 228,042-626-7111
780,자유점,강원도 원주시 자유시장길 7,033-745-8552
781,작전1점,"인천광역시 계양구 주부토로 468(작전동, 상가동1층6호)",032-554-8892
782,잠실새마을점,"서울특별시 송파구 백제고분로7길 39, 1층 106호(잠실동,고려빌딩)",02-417-3599
783,장계점,전라북도 장수군 장계면 한들로 81,063-352-8292
784,장기1점,"경기도 김포시 초당로61번길 21, 103호",031-981-2006
785,장기월드점,"경기도 김포시 전원로 32, 116호(장기동, 월드상가)",031-998-9595
786,장락고암점,충청북도 제천시 신죽하로 83-24(장락동),043-644-4578
787,장량점,경상북도 포항시북구 장량로87번길 6-15,054-255-9992
788,장림점,부산광역시 사하구 장림시장4길 63,051-263-8302
789,장미점,서울특별시 송파구 올림픽로35길 104,None
790,장성점,강원도 태백시 장성시장1길 3(장성동),033-581-3236
791,장암주공점,경기도 의정부시 회룡로 223 (장암주공5단지아파트),031-873-8181
792,장양리점,강원도 원주시 소초면 장막1길 7,033-747-3477
793,장위동점,서울특별시 성북구 장월로 90,02-941-9300
794,장유점,경상남도 김해시 장유로312 ,055-312-5197
795,장평점,경상남도 거제시 장평3로4길 24,055-635-3879
796,장항점,충청남도 서천군 장항읍 장항로 125-1,041-956-5282
797,장현점,경기도 남양주시 진접읍 봉현로36번길 12,031-571-7800
798,장호원점,경기도 이천시 장호원읍 샘재로147번길 26,031-641-4170
799,장흥관산점,전라남도 장흥군 관산읍 관산로 119-1,061-867-7970
800,장흥점,전라남도 장흥군 장흥읍 동교3길 8,061-863-8191
801,전곡터미널점,경기도 연천군 전곡읍 온골로 56,031-832-3170
802,전남금산점,전라남도 고흥군 금산면 상하촌길 24-1,061-842-7471
803,전대리점,경기도 용인시처인구 포곡읍 전대로78번길 3-1,031-333-2272
804,전대점,광주광역시 북구 서양로 46,062-251-9222
805,전민점,"대전광역시 유성구 전민로10번길 49(전민동, 1층)",042-862-9962
806,전북지사, ,"
"
807,전하점,울산광역시 동구 전하로 29 (전하동),052-251-7702
808,점동점,경기도 여주시 점동면 청안로 136,031-882-2328
809,정관점,부산광역시 기장군 정관읍모전3길 37,051-728-9992
810,정남점,경기도 화성시 정남면 괘량리 1048-3,None
811,정릉점,서울특별시 성북구 북악산로 858,None
812,정릉행복점,서울특별시 성북구 솔샘로6길 60,02-943-1960
813,정림점,대전광역시 서구 정림로10번길 15-24,042-585-9289
814,정산점,충청남도 청양군 정산면 정현길 65,041-943-2308
815,정선점,강원도 정선군 정선읍 정선로 1352,033-562-1072
816,정읍수성점,전라북도 정읍시 정인1길 70,"
"
817,정자점,"경기도 성남시분당구  황새울로116번길28, 1층(정자동)",031-713-9599
818,정자점(수원),경기도 수원시장안구 장안로 183,None
819,제물포점,인천광역시 미추홀구 장천로112번길 10 1층,032-876-1153
820,제부도점,경기도 화성시 서신면 해안길 240-1,031-357-2938
821,제주동문점,제주특별자치도 제주시 동문로 35-1(일도일동),064-757-3522
822,제주지사, ,"
"
823,제천역전점,충청북도 제천시 내토로 435-1,043-643-1885
824,조암점,경기도 화성시 우정읍 조암서로22번길 21,031-358-6843
825,조양동점,강원도 속초시 동해대로 3998(조양동),033-636-2270
826,조원점,경기도 수원시장안구 조원로89번길 31,031-248-0088
827,조치원2점,"세종특별자치시  조치원읍 새내로 65-1, 1층",044-866-3030
828,조치원3점,세종특별자치시  조치원읍 충현로 159 욱일@상가B07호,044-862-2020
829,종로낙원점,서울특별시 종로구 삼일대로 434-1,02-765-0508
830,주곡리점,경기도 화성시 우정읍 주곡리 564-15,None
831,주공1점,경기도 평택시 평택2로 108 (비전동),None
832,주교점,충청남도 보령시 주교면  올레큰길 385,041-931-7386
833,주덕점,충청북도 충주시 주덕읍 신양로 109,043-845-6421
834,주문진점,강원도 강릉시  주문진읍 주문로 117,033-661-0006
835,주안2동점,인천광역시 미추홀구 경인로326번길 49,032-872-4605
836,주안점,인천광역시 미추홀구 염창로 84-3,032-864-4335
837,주원점,인천광역시 미추홀구 경인로504번길 6-4,032-439-2743
838,주천점,"강원도 영월군 주천면 주천로 88-1, 2층",033-372-2840
839,죽변점,경상북도 울진군 죽변면 죽변북로 59,054-782-3388
840,죽산점,경기도 안성시 죽산면 죽주로 283,031-676-3152
841,죽전점,"경기도 용인시수지구 대지로 62, 104(죽전동)",031-261-9595
842,죽정점,충청남도 보령시 현대로 9,041-936-5293
843,줄포점,전라북도 부안군 줄포면 줄포중앙로 63,063-584-1599
844,중곡1점,"서울특별시 광진구 용마산로7길 20(중곡동, 1층)",02-455-3688
845,중곡2점,서울특별시 광진구 면목로 184 (중곡동),02-468-9658
846,중동1점,경기도 부천시원미구 부일로 340,032-662-6858
847,중리점(대전),대전광역시 대덕구 중리남로 20,042-624-0430
848,중마점,전라남도 광양시 광장로 112-11,061-794-0909
849,중문점,제주특별자치도 서귀포시 천제연로185번 3-1,064-738-8483
850,중산점,경기도 고양시일산동구 탄중로 416 상가 109,031-976-0343
851,중화산동점,"전라북도 전주시완산구 따박골2길 3(중화산동2가, 1층)",063-228-5700
852,중흥리점,충청남도 당진시 송악읍 송악로 685,041-358-0444
853,중흥설악점,경기도 부천시원미구 계남로 196 주공상가 2층,None
854,증산동점,서울특별시 은평구 증산서길 152(증산동),02-304-9346
855,증평점,충청북도 증평군 증평읍 중앙로173,043-838-4015
856,지경리점,강원도 철원군 김화읍 청양로84,033-458-3990
857,지곡점,충청남도 서산시 지곡면 충의로 762-78,041-663-9985
858,지리산온천점,전라남도 구례군 산동면 하관1길 26,061-783-7834
859,지원점,광주광역시 동구 남문로 592,062-228-9292
860,지평점,경기도 양평군 지평면 지평의병로 96,031-773-7125
861,직산부영점,충청남도 천안시서북구 직산읍 군수1길 10 부영아파트상가 107호,041-581-1210
862,직산점,충청남도 천안시서북구 직산읍 봉주로 23,041-583-2077
863,진달래마을점,"경기도 부천시원미구 길주로121번길 18-15, 1층 (상동, 우리프라자)",032-321-6333
864,진달래점,서울특별시 강남구 언주로 313,02-567-9779
865,진량점,경상북도 경산시 진량읍 황제1길 86-25 창신황제상가 203호 ,053-856-9959
866,진보점,경상북도 청송군 진보면 진안리 384-4,054-874-2800
867,진부점,강원도 평창군  진부면 진부중앙로 70,033-335-1442
868,진우점,"강원도 원주시 현충로 272, 101호(태장동)",033-742-8371
869,진잠점,대전광역시 유성구 진잠로66번길 46,042-543-5565
870,진주대곡점,경상남도 진주시 대곡면 진의로1079번길13,055-744-2880
871,진천대곡점,대구광역시 달서구 상화로21길 49,None
872,진천점,"충청북도 진천군 진천읍 문화로 237-18, 101호",043-533-4369
873,진하점,울산광역시 울주군 서생면 깨목길 28,052-238-8182
874,참이슬점,경기도 평택시 참이슬길 16,031-654-9923
875,창녕점,경상남도 창녕군 창녕읍 명덕로 48,055-532-3826
876,창동역점,서울특별시 도봉구 노해로63다길 6 1층 103호,02-900-9297
877,창현점,경기도 남양주시 화도읍 수레로 1234-26,031-595-4560
878,천도리점,강원도 인제군 서화면 천도로94번길 1,033-462-1977
879,천리점,경기도 용인시처인구 이동면 백옥대로 623,031-332-2401
880,천마점,경기도 남양주시 화도읍 멋갓로28번길 39-2,031-594-8852
881,천북점,충청남도 보령시 천북면 하궁길 2,041-641-8292
882,천안3점,충청남도 천안시동남구 봉정로 18,041-572-9930
883,천안4점,충청남도 천안시동남구 중앙로 67,041-569-9415
884,천안7단지점,충청남도 천안시서북구 쌍용11길 57,041-571-1137
885,천안백석점,충청남도 천안시서북구 백석5길 23-1,041-522-7888
886,천안신당점,충청남도 천안시서북구 천안대로 1220,041-553-9445
887,천안신방점,충청남도 천안시동남구 서부대로  257-8,041-575-9292
888,천안청룡점,충청남도 천안시동남구 구성2길 1(구성동),041-562-5608
889,천왕점,서울특별시 구로구 천왕로 56 천왕이펜하우스3단지 상가 1층 102호,02-2685-9592
890,천천2점,경기도 수원시장안구 화산로 57 꽃뫼버들마을진흥아파트,031-298-3141
891,천호점,"서울특별시 강동구 천중로18길 53, 1층 (천호동)",02-476-6188
892,철산2점,경기도 광명시 시청로 75-1,02-2060-7717
893,첨단점,광주광역시 광산구 산월로 64,062-973-9991
894,청당점,충청남도 천안시동남구 청수10길 12,041-622-5522
895,청도점,경상북도 청도군 청도읍 청화로 202-2,None
896,청라2점,인천광역시 서구 청라동  청라루비로144번길 6-6,032-567-8292
897,청라점,충청남도 보령시 청라면 당안길1,041-932-8334
898,청라호수공원점,인천광역시 서구 보석로11번길  12,032-566-9219
899,청량리점,"서울특별시 동대문구 왕산로 247, 1층(청량리동)",02-969-9595
900,청룡동점,"서울특별시 관악구 청룡길 20, 1층(봉천동)",02-876-9294
901,청림점,경상북도 포항시남구 청림서길 29,054-291-7967
902,청북신도시점,경기도 평택시 청북면 안청로 312-23,031-686-8833
903,청북점,경기도 평택시 청북면 현곡2길 3,031-683-3071
904,청양점,충청남도 청양군 청양읍 중앙로 112-1,041-943-0230
905,청일점,강원도 횡성군 청일면 유동로 18,033-344-9288
906,청주용암점,충청북도 청주시상당구 무농정로3번길 36(용암동),043-297-9292
907,청천2점,인천광역시 부평구 청중로 65,032-517-4564
908,청평점,경기도 가평군 청평면 시장중앙로8-6,031-584-1592
909,청풍점,"충청북도 제천시 청풍면 청풍호로58길, 10-16",043-648-0097
910,초가점,"경기도 포천시 소흘읍 검바위길 84, 상가동 1층 112호(상운아파트)",031-543-1800
911,초계점,경상남도 합천군 초계면 초계2길 12-7,None
912,초곡점,경상북도 포항시북구 흥해읍 초곡지구로 174,010-2222-1858
913,초원점,충청남도 아산시 고불로 669,041-549-0009
914,초월점,경기도 광주시 초월읍 경충대로 1043,031-767-4166
915,초지1점,"경기도 안산시단원구 초지2로 67-7, 한양타워 114호",031-402-9979
916,총신대점,서울특별시 동작구 사당로 168,02-588-3581
917,추풍령점,충청북도 영동군 추풍령면 신안로 52-1,043-742-2548
918,축산점,경상북도 영덕군 축산면 축산리 86-18,054-734-0013
919,춘천명동점,강원도 춘천시 금강로 76(조양동),033-253-9566
920,춘천터미널점,강원도 춘천시 공지로 458(근화동),033-253-8490
921,춘천팔호광장점,강원도 춘천시 효자로 154(효자동),033-253-8578
922,충남덕산점,충청남도 예산군 덕산면 봉운로 55,041-338-0707
923,충청지사, ,"
"
924,충효점,경상북도 경주시 충효중앙길 65(충효동),054-771-9964
925,칠곡2점,대구광역시 북구 태암로18길 27,053-323-5515
926,칠금점,"충청북도 충주시 금릉로 45, 109(칠금동, 현대아파트상가동)",043-854-2900
927,칠보점,경기도 수원시권선구 매실로 57 1층 108호(호매실동),031-293-2443
928,칠성점,대구광역시 북구 칠성로15길 8,None
929,침산점,대구광역시 북구 침산남로7길 50-10,None
930,탄방점,대전광역시 서구 탄방로 25,None
931,탄현점,경기도 고양시일산서구 탄현로 74,031-911-9229
932,태백점,강원도 태백시 먹거리길 66,033-553-0155
933,태백주공점,강원도 태백시 감천로 28(황지동),033-553-5619
934,태안점,충청남도 태안군 태안읍 시장2길 42,041-672-4441
935,태장점,강원도 원주시 북원로 2696(태장동),033-742-9192
936,태전동점,경기도 광주시 태봉로 31-3 105호(태전동),031-798-3361
937,태평2점,대전광역시 중구 동서대로 1238,042-534-4455
938,태평상가점,인천광역시 계양구 용종로 14,None
939,태평점,"경기도 성남시수정구 남문로102번길 1(태평동, 1층)",None
940,테스트,16  테스트 테스트,"
"
941,테크노밸리점,충청남도 서산시 성연면 일람리 1123,041-662-6680
942,테크노점,"충청북도 청주시흥덕구 송화로166번길 7-9, 1층 102호",None
943,테크노점(아산),충청남도 아산시 둔포면 아산밸리로 298,041-545-5592
944,토곡점,부산광역시 연제구 과정로265번길 78,None
945,통영1점,"경상남도 통영시 중앙로 255 106호(북신동,동우상가)",055-646-0339
946,통영2점,경상남도 통영시 도천상가안길 60 영생상가나동111호,055-643-4040
947,퇴계동점,"강원도 춘천시 행촌로32번길 5-6, 1층(퇴계동)",033-257-4134
948,퇴계원점(남양주),"경기도 남양주시 퇴계원면 경춘북로520번길 4, 1층2호",031-572-2980
949,퇴계주공점,강원도 춘천시 지석로 74-11 A13(퇴계동),033-262-9298
950,파동점,대구광역시 수성구 파동로 99,None
951,파인힐(공단점),경기도 시흥시 마유로 226 120호,031-319-0084
952,파장2점,"경기도 수원시장안구 파장천로44번길 88, 1층(파장동)",031-251-8944
953,파장점,경기도 수원시장안구 파장로 79,None
954,판암2점,대전광역시 동구 동부로  55-58 6단지상가 101,None
955,팽성점,경기도 평택시 팽성읍 안정쇼핑로 77-2,031-691-6916
956,평내점,경기도 남양주시 경춘로 1302,031-591-3731
957,평리점,대구광역시 서구 서대구로41길 7,053-562-5997
958,평원점,강원도 원주시 평원로 67(평원동),033-748-0567
959,평창점(강원),강원도 평창군  평창읍 평창중앙로 84,033-333-0010
960,평촌3점,경기도 안양시동안구 관평로 227 한가람상가 103호,031-381-7457
961,평촌5점,"경기도 안양시동안구 동안로 2.109(호계동,무궁화진흥아파트상가)",031-381-6777
962,평택1점,"경기도 평택시 중앙로 19(통복동, 2층)",031-654-5474
963,평택법원점,경기도 평택시 평남로 1056 1층,031-658-9282
964,평택지산점,경기도 평택시 지산로 82,031-664-7272
965,평화점,전라북도 전주시완산구 구이로 2077,063-222-9253
966,포남동점,강원도 강릉시  강릉대로527번 15(포남동),033-651-3624
967,포남로얄점,강원도 강릉시  경강로 2265(포남동),033-642-1119
968,포도원점,경기도 안양시동안구 포도원로 6,031-458-8408
969,포승점,경기도 평택시 포승읍 서동대로 1155,031-682-1007
970,포천점,경기도 포천시 중앙로 184,031-535-9588
971,포항장성점,경상북도 포항시북구 성실로 38,054-254-9401
972,포항터미널점,경상북도 포항시남구 중섬로 25(대잠동),054-284-9952
973,풍납점,서울특별시 송파구 풍성로 24(풍납동),02-474-7649
974,풍무2점,"경기도 김포시 풍무로 51, 101호(풍무동)",031-997-8592
975,하남신도시점,경기도 하남시 천현로 73,031-793-7834
976,하남점,광주광역시 광산구 산정로 41,062-956-2050
977,하늘도시점,인천광역시 중구 하늘달빛로 80 ,032-747-1599
978,하당동아점,전라남도 목포시 신흥로45번길 9,061-283-0015
979,하당부영점,전라남도 목포시 삼향천로91번길 26,None
980,하대원점,"경기도 성남시중원구 마지로155번길 25-7(하대원동,1층)",None
981,하대초전점,경상남도 진주시 대신로475번길 15-10 1층(조전동),055-795-1253
982,하동점,경상남도 하동군 하동읍 중앙2길12,055-883-7985
983,하북점,경기도 평택시 진위면 하북4길 3,031-668-0933
984,하성점,경기도 김포시 하성면 애기봉로806번길 67,031-989-1909
985,하소동점,충청북도 제천시 용두대로21길 9(하소동),043-644-4507
986,하안1점,"경기도 광명시 안현로 19(하안동, 단지상가 111호)",02-809-6638
987,하안5점,경기도 광명시 가림로 38,02-899-0119
988,하안7점,경기도 광명시 금당로 11-24,02-803-5789
989,하안9점,경기도 광명시 안현로 51,02-892-6923
990,학다리점,강원도 홍천군  홍천읍 꽃뫼로 120,033-433-6887
991,학성점,강원도 원주시 천사로 164(일산동),033-748-4456
992,학익점,인천광역시 미추홀구 한나루로 465,032-868-0900
993,학장점,부산광역시 사상구 학감대로 129,051-316-9700
994,한대역점,"경기도 안산시상록구 용신로 246, 101호",031-437-3392
995,한림점,제주특별자치도 제주시 한림중앙로 3-1,064-796-7603
996,한솔새롬점,세종특별자치시  새롬북로 13,044-868-9239
997,한신점,인천광역시 서구 서곶로 12 한신종합상가 208호,032-574-9300
998,한아름점,경기도 부천시원미구 부흥로 100,032-325-2629
999,한주점,경기도 의정부시 평화로322번길 18(호원동),031-871-1717
1000,함백점,강원도 정선군  신동읍 함백로 319,033-378-7637
1001,함양점,경상남도 함양군 함양읍 용평길 5,None
1002,함평점,전라남도 함평군 함평읍 광남길 83,061-324-8892
1003,합덕점,충청남도 당진시 합덕읍 합덕시장로 176,041-362-5366
1004,합정동점,서울특별시 마포구 포은로 52(합정동),02-323-8065
1005,해남점,전라남도 해남군 해남읍 중앙1로 98,None
1006,해도점,경상북도 포항시남구 해동로 90,054-275-9936
1007,해미점,충청남도 서산시 해미면 남문5로 4,041-688-9292
1008,해운대좌동주공2,부산광역시 해운대구 좌동순환로 118 주공2단지 분산상가 나-105,051-701-8181
1009,향남점,경기도 화성시 향남읍 향남로 430-16,031-8059-2288
1010,혁신점,"강원도 원주시 건강로 17-3, 101호(반곡동 치악프라자)",None
1011,혁신점(충북),"충청북도 진천군 덕산읍 시가로 46,  113호",043-533-6838
1012,현리점,"경기도 가평군 조종면 현창로 50, 1층",031-585-1015
1013,호계사거리점,경기도 안양시동안구 경수대로507번 13,031-455-6333
1014,호원점,경기도 의정부시 신흥로 119번길 54,031-873-9295
1015,홍도점,대전광역시 동구 홍도로 20,None
1016,홍성2점,충청남도 홍성군 홍성읍 조양로 190,041-633-8148
1017,홍성주공점,충청남도 홍성군 홍성읍 문화로72번길 92,041-633-9284
1018,홍은동점,서울특별시 서대문구 모래내로 364(홍은동),02-394-9454
1019,홍익대점,"서울특별시 마포구 독막로22길 21, 1층101호(창전동)",02-334-4161
1020,홍익점,경기도 안성시 금광면 종합운동장로 132,031-671-1130
1021,화곡1점,"서울특별시 강서구 월정로28길 28, 1층4호 (화곡동)",None
1022,화봉.연암점,울산광역시 북구 송내1길 18(화봉동),052-289-9941
1023,화북점,제주특별자치도 제주시 진동로3길 34,064-725-7272
1024,화서점,경기도 수원시팔달구 팔달로127번길 16-4(화서동),031-253-5522
1025,화성마도점,경기도 화성시 마도면 석교로 171,None
1026,화성시청점,경기도 화성시 남양읍 역골로 3-20 ,031-357-9275
1027,화순점,전라남도 화순군 화순읍 광덕로 142,061-374-5557
1028,화양동점,"서울특별시 광진구 능동로13길 70(화양동, 1층)",02-468-8163
1029,화원점,대구광역시 달성군 화원읍 성암로 16-38,053-643-2777
1030,화천점,강원도 화천군  화천읍 중앙로4 13-10,033-442-9930
1031,환호점,경상북도 포항시북구 삼호로 458,None
1032,황간점,충청북도 영동군 황간면 남성1길 3,None
1033,황성점,경상북도 경주시 용담로92번길 43-4,054-746-1700
1034,황제점,대구광역시 서구 서대구로8길 58,None
1035,회원교방점,경상남도 창원시마산회원구 회원남로 39-1,None
1036,횡성점,강원도 횡성군 횡성읍 태기로 35,033-343-3813
1037,횡성중앙점,"강원도 횡성군 횡성읍 문정로19번길, 13-3",033-343-3371
1038,효가리점,"강원도 동해시  청운로 71(쇄운동, 104)",033-521-8185
1039,효돈점,제주특별자치도 서귀포시 하신상로 29,None
1040,효성1점,인천광역시 계양구 아나지로 173,032-547-8599
1041,효성2점,인천광역시 계양구 안남로 573번길3,032-548-9292
1042,효자점(포항),경상북도 포항시남구 효자로118번길 27,054-252-7800
1043,후곡점,"경기도 고양시일산서구 강선로 140, 107(일산동, 태영상가)",None
1044,후평2동점,"강원도 춘천시 후만로 37, 1층1호(후평동, 주공6단지A)",033-251-9252
1045,후포점,경상북도 울진군 후포면 후포리 623-130,054-787-8575
1046,훼미리점,"서울특별시 송파구 중대로 24(문정동, 훼미리상가125호)",None
1047,휴먼시아점,"서울특별시 금천구 금하로1가길 28 (독산동,지상1층)",02-898-2332
1048,흑석동점,"서울특별시 동작구 흑석로7길 6-1, 1층102호(흑석동)",02-816-6537
1049,흥업점,강원도 원주시 흥업면 남원로 82,033-763-4291
